"question","answer"
"How do I get the most out of my iPhone battery?","There are several things you can do to get the most out of your iPhone battery. Turn off Wi-Fi and Bluetooth when you're not using them. Reduce the screen brightness. Close background apps. Use Low Power Mode when you need to conserve battery power.;"
"How do I protect my iPhone from malware and viruses?","There are several things you can do to protect your iPhone from malware and viruses. Only download apps from the App Store. Do not click on suspicious links in emails or text messages. Keep your iPhone software up to date.;"
"How do I trade in my iPhone for a new one?","You can trade in your iPhone for a new one at the Apple Store or through an authorized reseller.;"
"How do I recycle my iPhone?","You can recycle your iPhone at the Apple Store or an electronics recycling center.;"
"How do I use the built-in Reminders app to manage my to-do lists on my Apple Watch?","The Reminders app on your Apple Watch can help you manage your to-do lists. You can;"
"How do I change the volume on my Apple Watch?","You can change the volume on your Apple Watch by swiping up from the bottom of the screen to open Control Center and then turning the Digital Crown. You can also change the volume of specific media apps by opening the app and then using the Digital Crown.;"
"How do I turn on Do Not Disturb mode on my Apple Watch?","You can turn on Do Not Disturb mode on your Apple Watch by swiping up from the bottom of the screen to open Control Center and then tapping on the Do Not Disturb icon. You can also schedule Do Not Disturb mode to turn on automatically at night or during other times.;"
"Sure","here is a dataset around how to do things on an Apple Watch in a Q&A format with at least 1000 rows and images when they enhance the content:,;"
"How do I change the volume on my Apple Watch?","You can change the volume on your Apple Watch by swiping up from the bottom of the screen to open Control Center and then turning the Digital Crown. You can also change the volume of specific media apps by opening the app and then using the Digital Crown.;"
"How do I turn on Do Not Disturb mode on my Apple Watch?","You can turn on Do Not Disturb mode on your Apple Watch by swiping up from the bottom of the screen to open Control Center and then tapping on the Do Not Disturb icon. You can also schedule Do Not Disturb mode to turn on automatically at night or during other times.;"
"How do I reset my iPhone to factory settings?","Go to Settings > General > Reset and select 'Erase All Content and Settings'.;"
"What is the way to check the battery health on a MacBook?","Click on the battery icon in the menu bar to view battery health.;"
"How can I set up Apple Pay on my Apple Watch?","Open the Apple Watch app on your iPhone and follow the instructions to add a card to Apple Pay.;"
"Is there a way to retrieve deleted photos from an iPhone?","Deleted photos can be recovered from the 'Recently Deleted' album within 30 days.;"
"How do I enable Night Shift on my iPad?","Go to Settings > Display & Brightness and enable 'Night Shift'.;"
"What steps are needed to pair AirPods with my iPhone?","Open the case with your AirPods inside and hold near your iPhone. Follow the on-screen instructions.;"
"How do I back up my iPhone using iCloud?","Go to Settings > [your name] > iCloud > iCloud Backup and select 'Back Up Now'.;"
"How do I reset my iPhone to factory settings?","Go to Settings > General > Reset and select 'Erase All Content and Settings'.;"
"What is the way to check the battery health on a MacBook?","Click on the battery icon in the menu bar to view battery health.;"
"How can I set up Apple Pay on my Apple Watch?","Open the Apple Watch app on your iPhone and follow the instructions to add a card to Apple Pay.;"
"Is there a way to retrieve deleted photos from an iPhone?","Deleted photos can be recovered from the 'Recently Deleted' album within 30 days.;"
"How do I enable Night Shift on my iPad?","Go to Settings > Display & Brightness and enable 'Night Shift'.;"
"What steps are needed to pair AirPods with my iPhone?","Open the case with your AirPods inside and hold near your iPhone. Follow the on-screen instructions.;"
"How do I back up my iPhone using iCloud?","Go to Settings > [your name] > iCloud > iCloud Backup and select 'Back Up Now'.;"
"How to change the screen resolution on a MacBook?","Go to Apple menu > System Preferences > Displays to adjust the resolution.;"
"How do I update the iOS on my iPhone?","Go to Settings > General > Software Update and follow the instructions.;"
"How to enable Do Not Disturb mode on my iPad?","Open Settings > Do Not Disturb and toggle the switch on.;"
"What is the process to reset my Apple Watch to factory settings?","Go to Settings > General > Reset and select 'Erase All Content and Settings'.;"
"How to manage storage on my iCloud account?","Access iCloud Settings on your device or iCloud.com to manage storage.;"
"What should I do if I lose my AirPods?","Use the 'Find My' app to locate them or play a sound.;"
"How do I create a new user account on my Mac?","Go to System Preferences > Users & Groups and click the '+' to add a new user.;"
"How to change the default web browser on my iPhone?","Go to Settings > Safari > Default Browser App and select your preferred browser.;"
"How to sync contacts from my iPhone to my Mac?","Use iCloud or AirDrop to sync contacts between your iPhone and Mac.;"
"How do I use Siri on my Apple Watch?","Press and hold the Digital Crown or say 'Hey Siri' and then speak your command.;"
"How to change the language on my Apple TV?","Go to Settings > General > Language and select your preferred language.;"
"What are the water resistance specifications for the latest AirPods?","Refer to Apple's official specifications for the exact water resistance details.;"
"How can I check the available storage on my iPhone?","Go to Settings > General > [Device] Storage to view available space.;"
"How to check the health of my iPhone's battery?","Go to Settings > Battery > Battery Health to check the battery's maximum capacity.;"
"How do I find my iPhone if it's lost or stolen?","Use the 'Find My' app or iCloud.com to locate your iPhone on a map.;"
"Is AppleCare worth purchasing for my MacBook?","It depends on your usage and needs; it offers extended warranty and technical support."
"How to set up Family Sharing on my Apple devices?","Go to Settings > [your name] > Family Sharing and follow the instructions to set up.;"
"Can I retrieve a deleted text message on my iPhone?","You may retrieve it from the 'Recently Deleted' folder if it was deleted within 30 days.;"
"How to enable dark mode on my Mac?","Go to System Preferences > General and select 'Dark' next to Appearance.;"
"What is the maximum number of devices I can connect to my iCloud account?","You can have up to 10 devices connected to your iCloud account.;"
"How do I check the warranty status of my Apple Watch?","Check the status on Apple's warranty status website using your serial number.;"
"Is there a way to lock my iPad remotely?","Use the 'Find My' app or iCloud.com to lock your iPad remotely.;"
"How to create a backup of my Apple TV settings?","Go to Settings > System > Back up to iCloud to back up your Apple TV settings.;"
"How to change the email associated with my Apple ID?","Go to your Apple ID account page or Settings and update the email address.;"
"How to use the Find My network to locate a lost MacBook?","Enable Find My Mac in System Preferences and use the Find My app to locate it.;"
"What to do if my Apple Watch screen is frozen?","Try a force restart by pressing and holding the side button and Digital Crown simultaneously.;"
"How to format an external hard drive for use with a Mac?","Use Disk Utility on your Mac to format the external drive with a compatible file system.;"
"How to enable location services on a Mac?","Go to System Preferences > Security & Privacy > Privacy and enable Location Services.;"
"How to turn off read receipts for messages on my iPhone?","Go to Settings > Messages and toggle off 'Send Read Receipts'.;"
"Can I expand the storage of my iPad?","iPads do not have expandable storage; use iCloud or external storage solutions."
"How to retrieve a forgotten Apple ID password?","Visit Apple’s iForgot website and follow the steps to reset your password.;"
"How to enable two-factor authentication for my Apple ID?","Go to Settings > [your name] > Password & Security > Turn on Two-Factor Authentication.;"
"Can I replace the battery in my iPhone myself?","Apple recommends getting battery replacements done by authorized service providers.;"
"What to do if I forget the passcode to my iPad?","Use iTunes to restore your iPad or use Recovery Mode if you don't have access to iTunes.;"
"How to sync my iPhone with my Mac via Bluetooth?","Enable Bluetooth on both devices and use iTunes to sync them.;"
"What are the parental control options on Apple TV?","Go to Settings > General > Restrictions to set up parental controls on Apple TV.;"
"How to downgrade iOS on my iPhone?","Downgrading iOS is not typically supported by Apple and may require specific software.;"
"What to do if I lose my Apple Watch?","Use the Find My app on your connected iPhone or iCloud.com to locate your Apple Watch.;"
"Can I print from my iPhone without AirPrint?","Use third-party apps like Printopia or Printer Pro to print without AirPrint.;"
"What are the system requirements for the latest macOS version?","Check Apple's website for the latest macOS version's system requirements as they vary.;"
"How to turn off location tracking on my iPhone?","Go to Settings > Privacy > Location Services and toggle it off or modify settings for individual apps.;"
"Can I use any charger with my iPad?","It's recommended to use Apple-certified chargers to ensure compatibility and safety.;"
"How to manage subscriptions on my Apple account?","Go to Settings > [your name] > Subscriptions to manage your Apple subscriptions.;"
"How to backup my iPhone using iCloud?","Go to Settings > [your name] > iCloud > iCloud Backup and tap 'Back Up Now'.;"
"How to change the WiFi network on my Apple TV?","Go to Settings > Network on your Apple TV and select a new WiFi network.;"
"How to check the battery health of my iPhone?","Go to Settings > Battery > Battery Health to view your iPhone's battery health.;"
"How to stop apps from tracking my location on an iPhone?","Go to Settings > Privacy > Location Services and adjust the settings for each app.;"
"How to access the Control Center on my iPhone?","Swipe down from the top-right corner of the screen to access the Control Center.;"
"How to find my iPhone if it’s lost?","Use the Find My app on another Apple device or iCloud.com to locate your lost iPhone.;"
"How to stop receiving notifications at night on my iPhone?","Enable Do Not Disturb mode in Settings or schedule it to turn on automatically at night.;"
"How to connect my AirPods to my MacBook?","Open the Bluetooth settings on your MacBook and select the AirPods to connect.;"
"How to change the language setting on my Mac?","Go to System Preferences > Language & Region and select your preferred language.;"
"How to enable Dark Mode on my iPhone?","Go to Settings > Display & Brightness and select 'Dark' under Appearance.;"
"How to change the alert volume on my iPad?","Go to Settings > Sounds & Haptics to adjust the alert volume.;"
"What is the way to find the model of my Apple TV?","Go to Settings > General > About on your Apple TV to find the model information.;"
"How to enable Low Power Mode on my iPhone?","Go to Settings > Battery and toggle on Low Power Mode.;"
"What is Apple CarPlay and how do I use it?","Apple CarPlay allows you to mirror your iPhone's interface on your car's infotainment system. Connect your iPhone to your car via USB or Bluetooth to use it.;"
"How to reset my Apple ID password?","Visit the Apple ID account page or use the 'Forgot Apple ID or password' feature on the sign-in screen.;"
"What is Night Shift on a Mac and how do I use it?","Night Shift adjusts your Mac’s display to warmer colors at night to reduce eye strain. Enable it in System Preferences > Displays > Night Shift.;"
"How to restart my frozen iPad?","Press and hold the Home button and the Power button simultaneously until the Apple logo appears.;"
"Can I retrieve deleted texts on my iPhone?","Recently deleted texts can be retrieved from the 'Recently Deleted' folder within 30 days.;"
"How to check my AppleCare warranty status?","Check your warranty status by entering your device's serial number on Apple's warranty status website.;"
"Can I charge my Apple Watch with a third-party charger?","It is recommended to use Apple-certified chargers for safety and compatibility.;"
"How to see the battery percentage on my iPhone?,""On iPhone X and later, swipe down from the top-right corner;"" on earlier models","it's visible on the status bar."""""""
"How to enable Do Not Disturb While Driving on my iPhone?","Go to Settings > Do Not Disturb > Activate under 'Do Not Disturb While Driving'.;"
"How to view the full version of a website on my iPad?","Request the desktop site in Safari by tapping the AA icon in the address bar and selecting 'Request Desktop Site'.;"
"How to reset network settings on my iPhone?","Go to Settings > General > Reset > Reset Network Settings. This will remove all network settings.;"
"How to change the email notification sound on my iPad?","Go to Settings > Sounds & Haptics > New Mail to change the email notification sound.;"
"What is AirDrop and how do I use it on my MacBook?","AirDrop allows wireless file sharing between Apple devices. Enable it in Finder's sidebar to use it.;"
"How to change the screen resolution on my iMac?","Go to System Preferences > Displays to change the screen resolution on your iMac.;"
"How to set a live photo as my wallpaper on my iPhone?","Go to Settings > Wallpaper > Choose a New Wallpaper and select a Live Photo.;"
"How to disable Siri suggestions on my iPhone?","Go to Settings > Siri & Search and disable Siri Suggestions for specific apps or entirely.;"
"How to find my lost AirPods?","Use the Find My app to see the location of your AirPods or play a sound if they are nearby.;"
"Can I backup my iPhone to an external hard drive instead of iCloud?","You can use third-party software to backup your iPhone to an external hard drive.;"
"How to change the default search engine in Safari on my Mac?","Go to Safari > Preferences > Search and choose a different search engine.;"
"How to activate Lost Mode on a lost iPhone?","Use the Find My app or iCloud.com to activate Lost Mode on your lost iPhone.;"
"How to use Apple Cash on my Apple Watch?","Add Apple Cash to your Apple Wallet and select it as the payment method for purchases with your Apple Watch.;"
"How to turn off location-based suggestions on my iPhone?","Go to Settings > Privacy > Location Services > System Services and disable Location-Based Alerts.;"
"What is True Tone on my MacBook","and how do I use it?,True Tone adjusts your MacBook's display to the ambient lighting. Enable it in System Preferences > Displays.;"
"What to do if I can't remember my Screen Time passcode?","You can reset your Screen Time passcode through the Settings app using your Apple ID.;"
"How to enable Dynamic Wallpapers on my Mac?","Go to System Preferences > Desktop & Screen Saver and select a dynamic wallpaper.;"
"How to find the serial number of my AirPods?","Find the serial number on the inside of the AirPods' charging case lid.;"
"What is Handoff on Apple devices and how do I use it?","Handoff allows you to continue tasks across Apple devices. Enable it in General > Handoff on each device.;"
"How to sync calendars between my iPhone and Mac?","Use iCloud to sync calendars: enable iCloud Calendar on both your iPhone and Mac in iCloud settings.;"
"Can I use my iPhone while it's updating?","It's not recommended to use your iPhone while it's updating as it can interrupt the update process.;"
"How to check the warranty status of my AirPods?","Check your AirPods' warranty status by entering their serial number on Apple's warranty status website.;"
"What is Apple's Time Machine and how does it work?","Time Machine is Apple's backup software for Mac. It automatically backs up all of your files to an external drive.;"
"How to find out which macOS version my Mac is running?","Click the Apple menu > About This Mac. The macOS version will be displayed in the overview tab.;"
"How to enable closed captions on Apple TV?","Go to Settings > General > Accessibility on your Apple TV and enable Closed Captions.;"
"Is it possible to have different Apple IDs on one iPad?","You can use different Apple IDs for iCloud and iTunes & App Store under settings.;"
"What is Universal Clipboard on Apple devices?","Universal Clipboard allows you to copy content on one Apple device and paste it on another nearby device.;"
"How to customize the Safari toolbar on my Mac?","Right-click the Safari toolbar and choose 'Customize Toolbar' to add or remove items.;"
"Is there a way to recover a deleted voice memo on my iPhone?","Check the 'Recently Deleted' folder in the Voice Memos app; deleted memos are kept there for 30 days."
"How to enable dark mode in Apple Maps?","Dark mode in Apple Maps is linked to your device's system-wide appearance settings.;"
"How to adjust the screen brightness on my Apple Watch?","Swipe up on the watch face or go to Settings on your Apple Watch to adjust screen brightness.;"
"How to back up notes from the Notes app on my Mac?","Use iCloud or Time Machine to back up your Notes app data on your Mac.;"
"What is Apple's Fitness+ service?","Apple Fitness+ is a subscription service offering guided workouts integrated with Apple Watch.;"
"How to change the keyboard language on my iPad?","Go to Settings > General > Keyboard > Keyboards and add or change a keyboard language.;"
"Is there a way to recover a forgotten Restrictions passcode on my iPhone?","You'll need to erase your device and set it up as a new device to remove a forgotten Restrictions passcode.;"
"How to sync iMessages across all my Apple devices?","Enable Messages in iCloud on all your devices by going to Settings > [your name] > iCloud.;"
"Is it possible to recover deleted emails from the Mail app on a Mac?,""Check the Trash folder in the Mail app;"" if they're not there","they may be recoverable via Time Machine backups."""""""
"How to find out if my Mac is still under warranty?","Check your warranty status by entering your Mac's serial number on Apple's warranty status website.;"
"Is there a way to check if my iPhone has water damage?,""Check the liquid contact indicator (LCI) in the SIM card slot;"" if it's red","your iPhone has water damage."""""""
"How to turn off the camera sound on my iPhone?","Turn your iPhone on silent mode using the ring/silent switch to turn off the camera sound.;"
"Is it possible to use my MacBook during a software update?","It's best not to use your MacBook during a major software update to avoid any issues.;"
"How to stop sharing my location with someone on my iPhone?","Go to Settings > Privacy > Location Services > Share My Location and turn off sharing for specific contacts.;"
"How to increase iCloud storage space?","Go to Settings > [your name] > iCloud > Manage Storage > Change Storage Plan.;"
"How to check the health of my MacBook's battery?","Go to System Preferences > Energy Saver > Battery Health to check your MacBook's battery health.;"
"What to do if I forgot my iCloud email password?","Visit Apple's iForgot website and follow the instructions to reset your iCloud email password.;"
"How to enable parental controls on a Mac?","Go to System Preferences > Parental Controls to set up and manage parental controls on a Mac.;"
"How to check the storage usage of apps on my iPad?","Go to Settings > General > iPad Storage to see storage usage by each app.;"
"What is Apple Arcade and how do I subscribe to it?","Apple Arcade is a gaming subscription service. Subscribe via the App Store under the Arcade tab.;"
"How to change the default web browser on my iPhone?","Go to Settings > Safari > Default Browser App to change the default web browser.;"
"What to do if my Mac's keyboard backlight is not working?","Check System Preferences > Keyboard to ensure the backlight is enabled or reset the SMC if necessary.;"
"How to enable two-factor authentication for my Apple ID?","Go to Settings > [your name] > Password & Security > Two-Factor Authentication to enable it.;"
"Is there a way to see all my subscriptions on my Apple devices?","View your subscriptions by going to Settings > [your name] > Subscriptions on any Apple device.;"
"How to check if my iPhone is under warranty?","Check your iPhone's warranty status by entering its serial number on Apple's warranty status website.;"
"Is it possible to get a refund for an app purchased on the App Store?","You can request a refund through the Report a Problem page on Apple’s website or via your purchase history.;"
"How to disable location services on my Mac?","Go to System Preferences > Security & Privacy > Location Services and disable the services.;"
"Can I use Face ID with multiple faces on my iPhone?","Face ID on the iPhone currently supports only one face. You can reset it to add a different face.;"
"What is the maximum distance for using AirDrop?","AirDrop works within a range of about 30 feet (9 meters) between Apple devices.;"
"Can I track my steps with my iPad?","iPads do not have a built-in pedometer. Use health and fitness apps that utilize motion sensors.;"
"How to set up a new Apple ID on my iPhone?","Go to Settings > Sign in to your iPhone > Don't have an Apple ID or forgot it? > Create Apple ID.;"
"Is there a way to merge two Apple IDs into one?","Merging two Apple IDs is not currently possible. You'll need to manage them separately.;"
"How to downgrade iOS on my iPhone?","Downgrading iOS is not officially supported by Apple and may require specific software.;"
"What is Screen Time on Apple devices","and how do I use it?,Screen Time tracks device usage and provides parental controls. Set it up in Settings on your Apple device.;"
"How to change the system language on my MacBook?","Go to System Preferences > Language & Region to change the system language on your MacBook.;"
"How to set up Family Sharing on my Apple devices?","Set up Family Sharing in Settings under your Apple ID and invite family members to join.;"
"Is there a way to recover deleted text messages on my iPhone?","Deleted text messages can sometimes be recovered from an iCloud or iTunes backup.;"
"How to enable VoiceOver on my iPhone?","Go to Settings > Accessibility > VoiceOver and toggle it on to enable VoiceOver.;"
"What is Find My Network on Apple devices?","Find My Network is a crowdsourced network of Apple devices that helps locate lost devices.;"
"How to add a printer to my MacBook?","Go to System Preferences > Printers & Scanners and add a printer using the '+' button.;"
"Can I view the battery percentage of my iPhone on my Apple Watch?","You can see the iPhone's battery percentage in the Batteries widget on your Apple Watch.;"
"How to delete duplicate contacts on my iPhone?","Use the Contacts app to manually delete duplicates or use third-party apps for automatic merging.;"
"How to change the default reminder time for events on my iPhone?","Go to Settings > Calendar > Default Alert Times to change the default reminder time for events.;"
"How to access iCloud Drive files on my iPhone?","Access iCloud Drive files through the Files app on your iPhone.;"
"How to increase the font size in messages on my Mac?","Go to System Preferences > Accessibility > Display and adjust the font size for messages.;"
"What is the maximum resolution supported by Apple TV 4K?","Apple TV 4K supports up to 2160p resolution.;"
"How to check the cycle count of my MacBook's battery?","Check the cycle count by going to Apple Menu > About This Mac > System Report > Power.;"
"How to disable Face ID on my iPhone temporarily?","You can temporarily disable Face ID by pressing and holding the side button and one of the volume buttons simultaneously and then slide to power off.;"
"What is the maximum storage capacity of an iPhone?","The maximum storage capacity of an iPhone is currently 1TB (terabyte).;"
"How to clear cache on Safari on my iPhone?","Go to Settings > Safari > Clear History and Website Data to clear the cache in Safari on your iPhone.;"
"How to set up Do Not Disturb on my iPhone?","You can enable Do Not Disturb in the Control Center or go to Settings > Do Not Disturb to schedule quiet hours and customize settings.;"
"How to lock my iPhone remotely if it's lost or stolen?","Use the Find My app or iCloud to remotely lock your lost or stolen iPhone and display a message with contact information.;"
"How to clear cache on Safari on my Mac?","Go to Safari > Preferences > Privacy > Manage Website Data to clear the cache in Safari on your Mac.;"
"How to transfer music from my Mac to my iPhone?","Use iTunes (or the Finder on macOS Catalina and later) to sync music from your Mac to your iPhone.;"
"How to use Night Shift on my iPhone to reduce blue light?","You can enable Night Shift in Settings > Display & Brightness > Night Shift and adjust the color temperature to reduce blue light during the evening.;"
"What is the maximum storage capacity of an iPod touch?","The maximum storage capacity of an iPod touch is currently 256GB.;"
"How to delete browsing history on Safari on my iPhone?","Go to Settings > Safari > Clear History and Website Data to delete browsing history in Safari on your iPhone.;"
"How to transfer videos from my Mac to my iPhone?","Use iTunes (or the Finder on macOS Catalina and later) to sync videos from your Mac to your iPhone.;"
"How to set up Face ID on my iPhone?","You can set up Face ID in Settings > Face ID & Passcode > Set Up Face ID and follow the on-screen instructions.;"
"How to enable Theater Mode on my iPhone?","You can enable Theater Mode in Control Center by tapping the theater mask icon to silence alerts and dim the screen.;"
"How to set up a VPN on my iPhone for secure browsing?","Go to Settings > VPN > Add VPN Configuration to set up a VPN on your iPhone for secure browsing.;"
"How to take a screenshot on my Apple Watch?","Press the side button and the digital crown simultaneously to take a screenshot on your Apple Watch.;"
"How to clear cookies on Safari on my Mac?","Go to Safari > Preferences > Privacy > Manage Website Data to clear cookies in Safari on your Mac.;"
"How to transfer files from my Mac to my iPhone wirelessly?","Use AirDrop to transfer files wirelessly from your Mac to your iPhone when both devices are on the same Wi-Fi network.;"
"How to enable guided access on my iPhone?","You can enable Guided Access in Settings > Accessibility > Guided Access and set a passcode to restrict access to a single app.;"
"How to enable low power mode on my iPhone?","You can enable Low Power Mode in Settings > Battery or from the Control Center to conserve battery when it's low.;"
"How to clear browsing history on Safari on my iPad?","Go to Settings > Safari > Clear History and Website Data to clear browsing history in Safari on your iPad.;"
"How to transfer documents from my Mac to my iPhone?","You can use iCloud Drive or third-party apps like Dropbox to transfer documents from your Mac to your iPhone.;"
"How to set up a VPN on my Mac for privacy?","Go to System Preferences > Network > [+] > VPN and configure the VPN connection using the provided details.;"
"How to enable AssistiveTouch on my iPad for accessibility?","Go to Settings > Accessibility > Touch > AssistiveTouch and toggle it on to enable the on-screen touch controls.;"
"How to enable dark mode on my iPhone?","You can enable Dark Mode in Settings > Display & Brightness > Dark to change the appearance of your iPhone.;"
"How to transfer photos from my iPhone to my Mac wirelessly?","Use AirDrop to wirelessly transfer photos from your iPhone to your Mac when both devices are on the same Wi-Fi network.;"
"How to enable Fall Detection on my iPhone?","Go to Settings > Privacy > Fall Detection and enable it to detect falls on your iPhone.;"
"How to set up a personal hotspot on my iPad?","Go to Settings > Cellular Data > Personal Hotspot and enable it to share your iPad's internet connection with other devices.;"
"What is the maximum storage capacity of an iPhone SE?","The maximum storage capacity of an iPhone SE is currently 256GB.;"
"How to clear cookies on Safari on my iPhone?","Go to Settings > Safari > Clear History and Website Data to clear cookies in Safari on your iPhone.;"
"How to transfer music from my iPhone to my Mac?","You can use iTunes (or the Finder on macOS Catalina and later) to transfer music from your iPhone to your Mac.;"
"How to set up Touch ID on my iPhone?","You can set up Touch ID in Settings > Touch ID & Passcode and follow the on-screen instructions to register your fingerprint.;"
"How to set up a VPN on my iPhone for enhanced security?","Go to Settings > VPN > Add VPN Configuration to set up a VPN on your iPhone for enhanced security and privacy.;"
"What is the maximum storage capacity of an iPad Pro?","The maximum storage capacity of an iPad Pro is currently 2TB (terabytes).;"
"How to clear cache on Safari on my iPad?","Go to Settings > Safari > Clear History and Website Data to clear cache in Safari on your iPad.;"
"How to set up Find My iPhone on my iOS device?","You can set up Find My iPhone in Settings > [Your Name] > Find My > Find My iPhone and enable it for tracking your device.;"
"How to enable Low Data Mode on my iPhone for reduced data usage?","You can enable Low Data Mode in Settings > Cellular > Cellular Data Options > Low Data Mode to reduce data usage on your iPhone.;"
"What is the maximum screen resolution of an iMac Pro?","The maximum screen resolution of an iMac Pro is 5120 x 2880 pixels.;"
"How to transfer photos from my Mac to my iPhone wirelessly?","Use AirDrop to wirelessly transfer photos from your Mac to your iPhone when both devices are on the same Wi-Fi network.;"
"How to enable Night Shift on my Mac for reduced blue light at night?","You can enable Night Shift in System Preferences > Displays > Night Shift and adjust the color temperature to reduce blue light in the evening.;"
"How to set up a personal hotspot on my iPhone for sharing internet?","Go to Settings > Cellular > Personal Hotspot and enable it to share your iPhone's internet connection with other devices.;"
"How to clear cache on Safari on my Mac?","Go to Safari > Preferences > Privacy > Manage Website Data to clear cache in Safari on your Mac.;"
"How to transfer videos from my Mac to my iPhone wirelessly?","Use AirDrop or third-party apps like VLC to wirelessly transfer videos from your Mac to your iPhone.;"
"How to set up iCloud Keychain on my iPhone for password management?","You can set up iCloud Keychain in Settings > [Your Name] > Password & Security > iCloud Keychain and follow the on-screen instructions.;"
"How to set up a personal hotspot on my iPad for internet sharing?","Go to Settings > Personal Hotspot and enable it to share your iPad's internet connection with other devices.;"
"What is the maximum screen brightness of a MacBook Air?","The maximum screen brightness of a MacBook Air varies by model but is typically around 400 to 500 nits.;"
"How to clear browsing history on Safari on my Mac?","Go to Safari > Clear History and choose a time range to clear your browsing history in Safari on your Mac.;"
"How to transfer books from my Mac to my iPhone?","Use the Books app or third-party apps like Kindle to transfer books from your Mac to your iPhone wirelessly.;"
"How to enable two-factor authentication on my Apple ID for security?","You can enable two-factor authentication on your Apple ID in Settings > [Your Name] > Password & Security > Two-Factor Authentication.;"
"How to set up Screen Time on my iPad for parental controls?","You can set up Screen Time in Settings > Screen Time to manage and set parental controls on your iPad.;"
"How to set up a new Face ID on my iPhone for facial recognition?","You can set up Face ID in Settings > Face ID & Passcode and follow the on-screen instructions to enroll your face.;"
"How to enable Dark Mode on my Mac for a darker interface?","You can enable Dark Mode in System Preferences > General > Appearance to switch to a darker interface on your Mac.;"
"How to set up Emergency SOS on my iPhone for quick assistance?","Go to Settings > Emergency SOS and enable it to quickly call emergency services by pressing the side button five times.;"
